{
  "package": "club.sk1er.patcher.mixins",
  "refmap": "patcher.mixins.refmap.json",
  "compatibilityLevel": "JAVA_8",
  "plugin": "club.sk1er.patcher.mixins.plugin.PatcherMixinPlugin",
  "overwrites": {
    "conformVisibility": true
  },
  "client": [
    "accessors.BlockAccessor",
    "accessors.EntityArrowAccessor",
    "accessors.FontRendererAccessor",
    "accessors.GlStateManagerAccessor",
    "accessors.GuiBossOverlayAccessor",
    "accessors.GuiIngameAccessor",
    "accessors.GuiIngameForgeAccessor",
    "accessors.GuiMainMenuAccessor",
    "accessors.GuiMultiplayerAccessor",
    "accessors.GuiNewChatAccessor",
    "accessors.GuiSelectWorldAccessor",
    "accessors.ItemAccessor",
    "accessors.ItemRendererAccessor",
    "accessors.ItemStackAccessor",
    "accessors.KeyBindingAccessor",
    "accessors.MinecraftAccessor",
    "accessors.MinecraftForgeClientAccessor",
    "accessors.optifine.ConfigAccessor",
    "accessors.optifine.CustomColorsAccessor",
    "accessors.PositionedSoundAccessor",
    "accessors.RenderManagerAccessor",
    "accessors.ResourcePackRepositoryAccessor",
    "accessors.SoundHandlerAccessor",
    "accessors.SoundManagerAccessor",
    "accessors.SoundRegistryAccessor",
    "accessors.WorldRendererAccessor",
    "bugfixes.BlockFluidRendererMixin_FixStitching",
    "bugfixes.BlockModelRendererMixin_SmoothLighting",
    "bugfixes.CommandHandlerMixin_CaseCommands",
    "bugfixes.ContainerMixin_PlaySound",
    "bugfixes.EntityLivingBaseMixin_MouseDelayFix",
    "bugfixes.EntityMixin_FixedBrightness",
    "bugfixes.EntityMixin_SprintParticles",
    "bugfixes.EntityRendererMixin_PolygonOffset",
    "bugfixes.EntityXPOrbMixin_AdjustHeight",
    "bugfixes.FontRendererMixin_ResetStyles",
    "bugfixes.GameSettingsMixin_MipmapSlider",
    "bugfixes.GuiContainerMixin_SplitRemnants",
    "bugfixes.GuiGameOverMixin_ResolveButtonClick",
    "bugfixes.GuiIngameForgeMixin_FixProfilerSection",
    "bugfixes.GuiIngameForgeMixin_HotbarAlpha",
    "bugfixes.GuiIngameMixin_ScoreboardTextTransparency",
    "bugfixes.GuiLanguageMixin_ResetUnicodeFont",
    "bugfixes.GuiNewChatMixin_ChatComponentBoundary",
    "bugfixes.GuiNewChatMixin_NullChatLineFix",
    "bugfixes.GuiOptionsMixin_SaveSettings",
    "bugfixes.GuiScreenBookMixin_ResolveRenderLayer",
    "bugfixes.GuiScreenMixin_FixWindowsIME",
    "bugfixes.GuiScreenOptionsSoundsMixin_PacketSpam",
    "bugfixes.GuiScreenResourcePacksMixin_ChangeTextPosition",
    "bugfixes.GuiScreenResourcePacksMixin_ClearHandles",
    "bugfixes.GuiScreenResourcePacksMixin_FixOpenPackFolder",
    "bugfixes.GuiVideoSettingsMixin_MipmapSlider",
    "bugfixes.InventoryEffectRendererMixin_FixPotionEffectNumerals",
    "bugfixes.LayerArrowMixin_FixedBrightness",
    "bugfixes.LayerCreeperChargeMixin_FixDepth",
    "bugfixes.LayerSpiderEyesMixin_FixDepth",
    "bugfixes.LayerWitherAuraMixin_FixDepth",
    "bugfixes.MinecraftMixin_DisplayScreen",
    "bugfixes.MinecraftMixin_FixScreenState",
    "bugfixes.MinecraftMixin_ForeignKeyboards",
    "bugfixes.MinecraftMixin_PersistentShaders",
    "bugfixes.NetHandlerPlayClient_FixHandleSpawnPlayerNPE",
    "bugfixes.RenderPlayerMixin_ArmPosition",
    "bugfixes.ScoreboardMixin_FixLogSpam",
    "bugfixes.SoundManagerMixin_DuplicatedSounds",
    "bugfixes.SoundManagerMixin_LogSpam",
    "bugfixes.TileEntityBannerRendererMixin_BannerAnimation",
    "bugfixes.TileEntityBannerRendererMixin_ChestDisplay",
    "bugfixes.TileEntityRendererDispatcherMixin_EnableLighting",
    "bugfixes.TileEntitySkullRendererMixin_EnableBlending",
    "bugfixes.VertexBufferMixin_ResolveLockups",
    "bugfixes.WorldMixin_SkyHeight",
    "bugfixes.crashes.EntityLivingBaseMixin_ResolveCrash",
    "bugfixes.crashes.GameSettingsMixin_ResolveCrash",
    "bugfixes.crashes.GuiScreenMixin_ResolveCrash",
    "bugfixes.crashes.NBTTagCompoundMixin_FailFast",
    "bugfixes.crashes.ResourcePackRepositoryMixin_ResolveCrash",
    "bugfixes.crashes.ServerListEntryNormalMixin_ResolveCrash",
    "bugfixes.crashes.ServerSelectionListMixin_ResolveCrash",
    "bugfixes.crashes.WorldRendererMixin_ResolveCrash",
    "bugfixes.forge.BlockChestMixin_VanillaSlabChests",
    "bugfixes.forge.BlockMixin_VanillaSlabChests",
    "bugfixes.forge.BlockPaneMixin_VanillaPanes",
    "bugfixes.forge.ClientCommandHandlerMixin_CaseCommands",
    "bugfixes.modelfixes.ModelPlayerMixin_FixedTransformations",
    "bugfixes.modelfixes.ModelSkeletonMixin_FixedHeldItemTransformations",
    "bugfixes.modelfixes.ModelVillagerMixin_ResolveRobeHeight",
    "bugfixes.mousebindfix.GuiContainerMixin_MouseBindFix",
    "bugfixes.mousebindfix.GuiContainerMixin_MouseBindFixThatLabyBreaks",
    "bugfixes.network.LazyLoadBaseMixin_RaceCondition",
    "bugfixes.network.NetHandlerPlayClientMixin_ResourceExploitFix",
    "bugfixes.network.NetHandlerPlayClientMixin_SignChatSpam",
    "bugfixes.network.PacketThreadUtilMixin_LogSpam",
    "bugfixes.network.ServerAddressMixin_ResolveCrash",
    "bugfixes.network.ServerListMixin_ResolveNpe",
    "bugfixes.network.packet.EntityPacketsMixin_ResolveNpe",
    "bugfixes.optifine.RegionRenderCacheMixin_FixConnectedTextures",
    "bugfixes.optifine.RenderGlobalMixin_FixSkyVBOs",
    "bugfixes.render.entity.RendererLivingEntityMixin_NametagPerspective",
    "bugfixes.render.item.ItemModelMesherMixin_ResolveCrash",
    "bugfixes.render.item.ItemStackMixin_HexColorTooltip",
    "features.AbstractResourcePackMixin_DownscaleImages",
    "features.ArmorStandRendererMixin_HideNametag",
    "features.BlockRendererDispatcherMixin_RemoveFoliage",
    "features.ChatStyleMixin_ModifyHoverEvent",
    "features.ChunkRenderDispatcherMixin_LimitUpdates",
    "features.EffectRendererMixin_BlockParticles",
    "features.EffectRendererMixin_ChangeParticleLimit",
    "features.EnchantmentMixin_RomanNumerals",
    "features.EntityFXMixin_StaticParticleColor",
    "features.EntityFXMixin_TrackCullState",
    "features.EntityLivingBaseMixin_CleanView",
    "features.EntityPlayerSPMixin_NauseaEffect",
    "features.EntityRendererMixin_CameraPerspective",
    "features.EntityRendererMixin_NametagBackground",
    "features.EntityRendererMixin_ParallaxFix",
    "features.EntityRendererMixin_ShadowedNametags",
    "features.EntityRendererMixin_ViewBobbing",
    "features.FontRenderMixin_ShadowTypes",
    "features.GuiAchievementMixin_CancelRender",
    "features.GuiChatMixin_ExtendedChatLength",
    "features.GuiContainerMixin_ClickOutOfContainers",
    "features.GuiContainerMixin_DropModifierKey",
    "features.GuiIngameForgeMixin_ActionbarText",
    "features.GuiIngameForgeMixin_CrosshairRendering",
    "features.GuiIngameForgeMixin_TitleRendering",
    "features.GuiIngameMixin_CrosshairVisibility",
    "features.GuiMultiplayerMixin_FastServerJoin",
    "features.GuiNewChatMixin_ChatDelay",
    "features.GuiNewChatMixin_CompactChat",
    "features.GuiNewChatMixin_ExtendChatBackground",
    "features.GuiNewChatMixin_TransparentChat",
    "features.GuiPlayerTabOverlayMixin_BossbarHeight",
    "features.GuiPlayerTabOverlayMixin_PlayerCount",
    "features.GuiPlayerTabOverlayMixin_ReadablePing",
    "features.GuiPlayerTabOverlayMixin_TabOpacity",
    "features.GuiScreenMixin_BackgroundRendering",
    "features.GuiScreenServerListMixin_FakeServerListDirectConnect",
    "features.InventoryPlayerTransformer_HotbarScrolling",
    "features.LayerArrowMixin_CancelRender",
    "features.LayerWitherAuraMixin_DisableWhenInvisible",
    "features.MinecraftMixin_BetterKeybindHandling",
    "features.MinecraftMixin_CustomDebugKeys",
    "features.MinecraftMixin_FpsLimit",
    "features.MinecraftMixin_KeepChatMessages",
    "features.MinecraftMixin_Metrics",
    "features.MinecraftMixin_SeparateResources",
    "features.MinecraftMixin_WindowedFullscreen",
    "features.MinecraftServerMixin_Metrics",
    "features.RenderArrowMixin_CancelRender",
    "features.RenderEntityItemMixin_StaticItems",
    "features.RenderEntityItemMixin_UnstackedItems",
    "features.RendererLivingEntityMixin_NametagRendering",
    "features.RenderFishMixin_CleanProjectiles",
    "features.RenderItemFrameMixin_CancelRender",
    "features.RenderItemFrameMixin_NametagBackground",
    "features.RenderItemFrameMixin_NametagShadow",
    "features.RenderLightningBoltMixin_CancelRender",
    "features.RenderManagerMixin_CancelArrowRender",
    "features.RenderSnowballMixin_CleanProjectiles",
    "features.ScreenShotHelperMixin_ScreenshotManager",
    "features.TileEntityEnchantmentTableRendererMixin_CancelRender",
    "features.TileEntityEndPortalRendererMixins_CancelRender",
    "features.TileEntitySkullRendererMixin_CancelRender",
    "features.containeropacity.GuiChestMixin_ContainerOpacity",
    "features.containeropacity.GuiInventoryMixin_ContainerOpacity",
    "features.cropheight.BlockCactusMixin_CropHitbox",
    "features.cropheight.BlockCropsMixin_CropHeight",
    "features.cropheight.BlockMixin_CropHitbox",
    "features.cropheight.BlockNetherWartMixin_CropHeight",
    "features.disableenchantglint.LayerArmorBaseMixin_DisableEnchantGlint",
    "features.disableenchantglint.RenderItemMixin_DisableEnchantGlint",
    "features.essential.OnlineIndicatorMixin_NametagBackground",
    "features.fullbright.ChunkMixin_Fullbright",
    "features.fullbright.WorldMixin_Fullbright",
    "features.invscale.ForgeHooksClientMixin_InventoryScale",
    "features.invscale.GuiScreenMixin_InventoryScale",
    "features.invscale.ScaledResolutionMixin_InventoryScale",
    "features.lefthand.EntityRendererMixin_LeftHandedness",
    "features.lefthand.RenderFishMixin_LeftHandedness",
    "features.lefthand.RenderItemMixin_LeftHandedness",
    "features.levelhead.AboveHeadRenderMixin_NametagBackground",
    "features.levelhead.AboveHeadRenderMixin_NametagPosition",
    "features.levelhead.AboveHeadRenderMixin_NametagShadow",
    "features.network.NetHandlerPlayClientMixin_ChatDelay",
    "features.network.packet.C01PacketChatMessageMixin_ExtendedChatLength",
    "features.network.packet.S2EPacketCloseWindowMixin_NoCloseMyChat",
    "features.optifine.ConfigMixin_SimplifyFpsCounter",
    "features.optifine.EntityRendererMixin_ZoomTweaks",
    "features.optifine.GuiOverlayDebugMixin_SimplifyFpsCounter",
    "features.optifine.GuiOverlayDebugMixin_VanillaMetricsRenderer",
    "features.render.item.ItemRendererMixin_FireRendering",
    "features.render.item.ItemRendererMixin_RemoveWaterOverlay",
    "misc.GuiOverlayDebugMixin_ShowPatcherVersion",
    "performance.AnvilChunkLoaderMixin_UnclosedStream",
    "performance.BlockPosMixin_ReduceAllocations",
    "performance.BlockRedstoneTorchMixin_MemoryLeak",
    "performance.ChunkMixin_Optimization",
    "performance.EffectRendererMixin_ParticleCulling",
    "performance.EntityMixin_Capability",
    "performance.EntityMixin_DisplayNames",
    "performance.EntityOtherPlayerMPMixin_UselessAnimations",
    "performance.EntityPlayerMixin_DisplayNames",
    "performance.EntityRendererMixin_CancelLightmapBuild",
    "performance.EntityRendererMixin_EntityCulling",
    "performance.EntityRendererMixin_SkipTwitchRendering",
    "performance.FontRendererMixin_Optimization",
    "performance.GameRulesValueMixin_Optimization",
    "performance.LoadingScreenRendererMixin_SkipProgress",
    "performance.MinecraftMixin_MemoryIssues",
    "performance.MinecraftMixin_OptimizedWorldSwapping",
    "performance.MinecraftMixin_SkipTwitchStuff",
    "performance.MinecraftMixin_ToggleGLErrorChecking",
    "performance.MinecraftServerMixin_MemoryLeak",
    "performance.ModelRendererMixin_BatchDrawing",
    "performance.NBTTagStringMixin_DataCache",
    "performance.NetHandlerPlayClientMixin_InstantDimensionSwapping",
    "performance.NodeProcessorMixin_MemoryLeak",
    "performance.RenderEntityItemMixin_EntityCulling",
    "performance.RenderGlobalMixin_LimitVisGraphScan",
    "performance.ResourcePackRepositoryMixin_FasterSearching",
    "performance.TexturedQuadMixin_BatchDraw",
    "performance.TileEntityMobSpawnerRendererMixin_EntityCulling",
    "performance.VisGraphMixin_LimitScan",
    "performance.WorldClientMixin_AnimationTick",
    "performance.WorldMixin_Optimization",
    "performance.forge.FluidRegistryMixin_Optimization",
    "performance.forge.FMLClientHandlerMixin_Optimization",
    "performance.hudcaching.EntityRendererMixin_HUDCaching",
    "performance.hudcaching.FramebufferMixin_HUDCaching",
    "performance.hudcaching.GlStateManagerMixin_HUDCaching",
    "performance.hudcaching.GuiIngameForgeMixin_HUDCaching",
    "performance.hudcaching.GuiIngameMixin_HUDCaching",
    "performance.network.packet.C17PacketCustomPayloadMixin_MemoryLeak",
    "performance.network.packet.S3FPacketCustomPayloadMixin_MemoryLeak",
    "performance.render.item.ItemStackMixin_CacheDisplayName"
  ]
}